1;1;Visiteur MFB 001
2;1;Visiteur MFB 002
3;1;Visiteur MFB 003
4;1;Visiteur MFB 004
5;1;Visiteur MFB 005
6;1;Visiteur MFB 006
7;1;Visiteur MFB 007
8;1;Visiteur MFB 008
9;1;Visiteur MFB 009
10;1;Visiteur MFB 010
11;1;Visiteur MFB 011
12;1;Visiteur MFB 012
13;1;Visiteur MFB 013
14;1;Visiteur MFB 014
15;1;Visiteur MFB 015
16;1;Visiteur MFB 016
17;1;Visiteur MFB 017
18;1;Visiteur MFB 018
19;1;Visiteur MFB 019
20;1;Visiteur MFB 020
21;1;Visiteur MFB 021
22;1;Visiteur MFB 022
23;1;Visiteur MFB 023
24;1;Visiteur MFB 024
25;1;Visiteur MFB 025
26;1;Visiteur MFB 026
27;1;Visiteur MFB 027
28;1;Visiteur MFB 028
29;1;Visiteur MFB 029
30;1;Visiteur MFB 030
31;1;Visiteur MFB 031
32;1;Visiteur MFB 032
33;1;Visiteur MFB 033
34;1;Visiteur MFB 034
35;1;Visiteur MFB 035
36;1;Visiteur MFB 036
37;1;Visiteur MFB 037
38;1;Visiteur MFB 038
39;1;Visiteur MFB 039
40;1;Visiteur MFB 040
41;1;Visiteur MFB 041
42;1;Visiteur MFB 042
43;1;Visiteur MFB 043
44;1;Visiteur MFB 044
45;1;Visiteur MFB 045
46;1;Visiteur MFB 046
47;1;Visiteur MFB 047
48;1;Visiteur MFB 048
49;1;Visiteur MFB 049
50;1;Visiteur MFB 050
51;1;Visiteur MFB 051
52;1;Visiteur MFB 052
53;1;Visiteur MFB 053
54;1;Visiteur MFB 054
55;1;Visiteur MFB 055
56;1;Visiteur MFB 056
57;1;Visiteur MFB 057
58;1;Visiteur MFB 058
59;1;Visiteur MFB 059
60;1;Visiteur MFB 060
61;1;Visiteur MFB 061
62;1;Visiteur MFB 062
63;1;Visiteur MFB 063
64;1;Visiteur MFB 064
65;1;Visiteur MFB 065
66;1;Visiteur MFB 066
67;1;Visiteur MFB 067
68;1;Visiteur MFB 068
69;1;Visiteur MFB 069
70;1;Visiteur MFB 070
71;1;Visiteur MFB 071
72;1;Visiteur MFB 072
73;1;Visiteur MFB 073
74;1;Visiteur MFB 074
75;1;Visiteur MFB 075
76;1;Visiteur MFB 076
77;1;Visiteur MFB 077
78;1;Visiteur MFB 078
79;1;Visiteur MFB 079
80;1;Visiteur MFB 080
81;1;Visiteur MFB 081
82;1;Visiteur MFB 082
83;1;Visiteur MFB 083
84;1;Visiteur MFB 084
85;1;Visiteur MFB 085
86;1;Visiteur MFB 086
87;1;Visiteur MFB 087
88;1;Visiteur MFB 088
89;1;Visiteur MFB 089
90;1;Visiteur MFB 090
91;1;Visiteur MFB 091
92;1;Visiteur MFB 092
93;1;Visiteur MFB 093
94;1;Visiteur MFB 094
95;1;Visiteur MFB 095
96;1;Visiteur MFB 096
97;1;Visiteur MFB 097
98;1;Visiteur MFB 098
99;1;Visiteur MFB 099
100;1;Visiteur MFB 100
101;1;Visiteur MFB 101
102;1;Visiteur MFB 102
103;1;Visiteur MFB 103
104;1;Visiteur MFB 104
105;1;Visiteur MFB 105
106;1;Visiteur MFB 106
107;1;Visiteur MFB 107
108;1;Visiteur MFB 108
109;1;Visiteur MFB 109
110;1;Visiteur MFB 110
111;1;Visiteur MFB 111
112;1;Visiteur MFB 112
113;1;Visiteur MFB 113
114;1;Visiteur MFB 114
115;1;Visiteur MFB 115
116;1;Visiteur MFB 116
117;1;Visiteur MFB 117
118;1;Visiteur MFB 118
119;1;Visiteur MFB 119
120;1;Visiteur MFB 120
121;1;Visiteur MFB 121
122;1;Visiteur MFB 122
123;1;Visiteur MFB 123
124;1;Visiteur MFB 124
125;1;Visiteur MFB 125
126;1;Visiteur MFB 126
127;1;Visiteur MFB 127
128;1;Visiteur MFB 128
129;1;Visiteur MFB 129
130;1;Visiteur MFB 130
131;1;Visiteur MFB 131
132;1;Visiteur MFB 132
133;1;Visiteur MFB 133
134;1;Visiteur MFB 134
135;1;Visiteur MFB 135
136;1;Visiteur MFB 136
137;1;Visiteur MFB 137
138;1;Visiteur MFB 138
139;1;Visiteur MFB 139
140;1;Visiteur MFB 140
141;1;Visiteur MFB 141
142;1;Visiteur MFB 142
143;1;Visiteur MFB 143
144;1;Visiteur MFB 144
145;1;Visiteur MFB 145
146;1;Visiteur MFB 146
147;1;Visiteur MFB 147
148;1;Visiteur MFB 148
149;1;Visiteur MFB 149
150;1;Visiteur MFB 150
151;1;Visiteur MFB 151
152;1;Visiteur MFB 152
153;1;Visiteur MFB 153
154;1;Visiteur MFB 154
155;1;Visiteur MFB 155
156;1;Visiteur MFB 156
157;1;Visiteur MFB 157
158;1;Visiteur MFB 158
159;1;Visiteur MFB 159
160;1;Visiteur MFB 160
161;1;Visiteur MFB 161
162;1;Visiteur MFB 162
163;1;Visiteur MFB 163
164;1;Visiteur MFB 164
165;1;Visiteur MFB 165
166;1;Visiteur MFB 166
167;1;Visiteur MFB 167
168;1;Visiteur MFB 168
169;1;Visiteur MFB 169
170;1;Visiteur MFB 170
171;1;Visiteur MFB 171
172;1;Visiteur MFB 172
173;1;Visiteur MFB 173
174;1;Visiteur MFB 174
175;1;Visiteur MFB 175
176;1;Visiteur MFB 176
177;1;Visiteur MFB 177
178;1;Visiteur MFB 178
179;1;Visiteur MFB 179
180;1;Visiteur MFB 180
181;1;Visiteur MFB 181
182;1;Visiteur MFB 182
183;1;Visiteur MFB 183
184;1;Visiteur MFB 184
185;1;Visiteur MFB 185
186;1;Visiteur MFB 186
187;1;Visiteur MFB 187
188;1;Visiteur MFB 188
189;1;Visiteur MFB 189
190;1;Visiteur MFB 190
191;1;Visiteur MFB 191
192;1;Visiteur MFB 192
193;1;Visiteur MFB 193
194;1;Visiteur MFB 194
195;1;Visiteur MFB 195
196;1;Visiteur MFB 196
197;1;Visiteur MFB 197
198;1;Visiteur MFB 198
199;1;Visiteur MFB 199
200;1;Visiteur MFB 200
201;8;Visiteur Negresky 201
202;8;Visiteur Negresky 202
203;8;Visiteur Negresky 203
204;8;Visiteur Negresky 204
205;8;Visiteur Negresky 205
206;8;Visiteur Negresky 206
207;8;Visiteur Negresky 207
208;8;Visiteur Negresky 208
209;8;Visiteur Negresky 209
210;8;Visiteur Negresky 210
211;8;Visiteur Negresky 211
212;8;Visiteur Negresky 212
213;8;Visiteur Negresky 213
214;8;Visiteur Negresky 214
215;8;Visiteur Negresky 215
216;8;Visiteur Negresky 216
217;8;Visiteur Negresky 217
218;8;Visiteur Negresky 218
219;8;Visiteur Negresky 219
220;8;Visiteur Negresky 220
221;5;Visiteur DGAI 221
222;5;Visiteur DGAI 222
223;5;Visiteur DGAI 223
224;5;Visiteur DGAI 224
225;5;Visiteur DGAI 225
226;5;Visiteur DGAI 226
227;5;Visiteur DGAI 227
228;5;Visiteur DGAI 228
229;5;Visiteur DGAI 229
230;5;Visiteur DGAI 230
231;5;Visiteur DGAI 231
232;5;Visiteur DGAI 232
233;5;Visiteur DGAI 233
234;5;Visiteur DGAI 234
235;5;Visiteur DGAI 235
236;5;Visiteur DGAI 236
237;5;Visiteur DGAI 237
238;5;Visiteur DGAI 238
239;5;Visiteur DGAI 239
240;5;Visiteur DGAI 240
241;4;Visiteur Douanes 241
242;4;Visiteur Douanes 242
243;4;Visiteur Douanes 243
244;4;Visiteur Douanes 244
245;4;Visiteur Douanes 245
246;4;Visiteur Douanes 246
247;4;Visiteur Douanes 247
248;4;Visiteur Douanes 248
249;4;Visiteur Douanes 249
250;4;Visiteur Douanes 250
251;4;Visiteur Douanes 251
252;4;Visiteur Douanes 252
253;4;Visiteur Douanes 253
254;4;Visiteur Douanes 254
255;4;Visiteur Douanes 255
256;4;Visiteur Douanes 256
257;4;Visiteur Douanes 257
258;4;Visiteur Douanes 258
259;4;Visiteur Douanes 259
260;4;Visiteur Douanes 260
501;2;Visiteur VIP MFB 001
502;2;Visiteur VIP MFB 002
503;2;Visiteur VIP MFB 003
504;2;Visiteur VIP MFB 004
505;2;Visiteur VIP MFB 005
506;2;Visiteur VIP MFB 006
507;2;Visiteur VIP MFB 007
508;2;Visiteur VIP MFB 008
509;2;Visiteur VIP MFB 009
510;2;Visiteur VIP MFB 010
511;2;Visiteur VIP MFB 011
512;2;Visiteur VIP MFB 012
513;2;Visiteur VIP MFB 013
514;2;Visiteur VIP MFB 014
515;2;Visiteur VIP MFB 015
516;2;Visiteur VIP MFB 016
517;2;Visiteur VIP MFB 017
518;2;Visiteur VIP MFB 018
519;2;Visiteur VIP MFB 019
520;2;Visiteur VIP MFB 020
521;2;Visiteur VIP MFB 021
522;2;Visiteur VIP MFB 022
523;2;Visiteur VIP MFB 023
524;2;Visiteur VIP MFB 024
525;2;Visiteur VIP MFB 025
526;2;Visiteur VIP MFB 026
527;2;Visiteur VIP MFB 027
528;2;Visiteur VIP MFB 028
529;2;Visiteur VIP MFB 029
530;2;Visiteur VIP MFB 030
531;2;Visiteur VIP MFB 031
532;2;Visiteur VIP MFB 032
533;2;Visiteur VIP MFB 033
534;2;Visiteur VIP MFB 034
535;2;Visiteur VIP MFB 035
536;2;Visiteur VIP MFB 036
537;2;Visiteur VIP MFB 037
538;2;Visiteur VIP MFB 038
539;2;Visiteur VIP MFB 039
540;2;Visiteur VIP MFB 040
551;1;Badge Provisoire 001
552;1;Badge Provisoire 002
553;1;Badge Provisoire 003
554;1;Badge Provisoire 004
555;1;Badge Provisoire 005
556;1;Badge Provisoire 006
557;1;Badge Provisoire 007
558;1;Badge Provisoire 008
559;1;Badge Provisoire 009
560;1;Badge Provisoire 010
561;1;Badge Provisoire 011
562;1;Badge Provisoire 012
563;1;Badge Provisoire 013
564;1;Badge Provisoire 014
565;1;Badge Provisoire 015
566;1;Badge Provisoire 016
567;1;Badge Provisoire 017
568;1;Badge Provisoire 018
569;1;Badge Provisoire 019
570;1;Badge Provisoire 020
571;1;Badge Provisoire 021
572;1;Badge Provisoire 022
573;1;Badge Provisoire 023
574;1;Badge Provisoire 024
575;1;Badge Provisoire 025
576;1;Badge Provisoire 026
577;1;Badge Provisoire 027
578;1;Badge Provisoire 028
579;1;Badge Provisoire 029
580;1;Badge Provisoire 030
631;1;Badge Provisoire 031
632;1;Badge Provisoire 032
633;1;Badge Provisoire 033
634;1;Badge Provisoire 034
635;1;Badge Provisoire 035
636;1;Badge Provisoire 036
637;1;Badge Provisoire 037
638;1;Badge Provisoire 038
639;1;Badge Provisoire 039
640;1;Badge Provisoire 040
641;1;Badge Provisoire 041
642;1;Badge Provisoire 042
643;1;Badge Provisoire 043
644;1;Badge Provisoire 044
645;1;Badge Provisoire 045
646;1;Badge Provisoire 046
647;1;Badge Provisoire 047
648;1;Badge Provisoire 048
649;1;Badge Provisoire 049
650;1;Badge Provisoire 050
651;1;Badge Provisoire 051
652;1;Badge Provisoire 052
653;1;Badge Provisoire 053
654;1;Badge Provisoire 054
655;1;Badge Provisoire 055
656;1;Badge Provisoire 056
657;1;Badge Provisoire 057
658;1;Badge Provisoire 058
659;1;Badge Provisoire 059
660;1;Badge Provisoire 060
661;1;Badge Provisoire 061
662;1;Badge Provisoire 062
663;1;Badge Provisoire 063
664;1;Badge Provisoire 064
665;1;Badge Provisoire 065
666;1;Badge Provisoire 066
667;1;Badge Provisoire 067
668;1;Badge Provisoire 068
669;1;Badge Provisoire 069
670;1;Badge Provisoire 070
671;1;Badge Provisoire 071
672;1;Badge Provisoire 072
673;1;Badge Provisoire 073
674;1;Badge Provisoire 074
675;1;Badge Provisoire 075
